USE secmaster ;
-- MySQL dump 10.13  Distrib 5.7.20, for Linux (x86_64)
--
-- Host: localhost    Database: secmaster
-- ------------------------------------------------------
-- Server version	5.7.20

/*!40101 SET @OLD_CHARACTER_SET_CLIENT=@@CHARACTER_SET_CLIENT */;
/*!40101 SET @OLD_CHARACTER_SET_RESULTS=@@CHARACTER_SET_RESULTS */;
/*!40101 SET @OLD_COLLATION_CONNECTION=@@COLLATION_CONNECTION */;
/*!40101 SET NAMES utf8 */;
/*!40103 SET @OLD_TIME_ZONE=@@TIME_ZONE */;
/*!40103 SET TIME_ZONE='+00:00' */;
/*!40014 SET @OLD_UNIQUE_CHECKS=@@UNIQUE_CHECKS, UNIQUE_CHECKS=0 */;
/*!40014 SET @OLD_FOREIGN_KEY_CHECKS=@@FOREIGN_KEY_CHECKS, FOREIGN_KEY_CHECKS=0 */;
/*!40101 SET @OLD_SQL_MODE=@@SQL_MODE, SQL_MODE='NO_AUTO_VALUE_ON_ZERO' */;
/*!40111 SET @OLD_SQL_NOTES=@@SQL_NOTES, SQL_NOTES=0 */;

--
-- Dumping data for table `tSymbol`
--

LOCK TABLES `tSymbol` WRITE;
/*!40000 ALTER TABLE `tSymbol` DISABLE KEYS */;
INSERT INTO `tSymbol` VALUES ('^DJI','yahoo','yahoo','USD','DJI'),('^GSPC','yahoo','yahoo','USD','Standard and Poor'),('^HSCE','yahoo','yahoo','HKD','HANG SENG CHINA ENTERPRISES IND'),('^HSI','yahoo','yahoo','HKD','Hang Seng Index '),('^IXIC','yahoo','yahoo','USD','Nasdaq'),('000001.SS','yahoo','yahoo','CNY','SSE Composite Index'),('0001.HK','yahoo','yahoo;hkex','HKD','CKH Holdings'),('0002.HK','yahoo','yahoo;hkex','HKD','CLP Holdings'),('0003.HK','yahoo','yahoo;hkex','HKD','HK & China Gas'),('000300.SS','yahoo','yahoo','CNY','CSI 300'),('0004.HK','yahoo','yahoo;hkex','HKD','Wharf Holdings'),('0005.HK','yahoo','yahoo;hkex','HKD','HSBC Holdings'),('0006.HK','yahoo','yahoo;hkex','HKD','Power Assets'),('0011.HK','yahoo','yahoo;hkex','HKD','Hang Seng Bank'),('0012.HK','yahoo','yahoo;hkex','HKD','Henderson Land'),('0016.HK','yahoo','yahoo;hkex','HKD','SHK Ppt'),('0017.HK','yahoo','yahoo;hkex','HKD','New World Dev'),('0019.HK','yahoo','yahoo;hkex','HKD','Swire Pacific A'),('0023.HK','yahoo','yahoo;hkex','HKD','Bank of E Asia'),('0027.HK','yahoo','yahoo;hkex','HKD','Galaxy Ent'),('0052.HK','yahoo','yahoo;hkex','HKD','Fairwood'),('0066.HK','yahoo','yahoo;hkex','HKD','MTR Corporation'),('0083.HK','yahoo','yahoo;hkex','HKD','Sino Land'),('0087.HK','yahoo','yahoo;hkex','HKD','Swire Pacific B'),('0101.HK','yahoo','yahoo;hkex','HKD','Hang Lung Ppt'),('0144.HK','yahoo','yahoo;hkex','HKD','China Mer Port'),('0151.HK','yahoo','yahoo;hkex','HKD','Want Want China'),('0175.HK','yahoo','yahoo;hkex','HKD','Geely Auto'),('0267.HK','yahoo','yahoo;hkex','HKD','CITIC'),('0288.HK','yahoo','yahoo;hkex','HKD','WH Group'),('0386.HK','yahoo','yahoo;hkex','HKD','Sinopec Corp'),('0388.HK','yahoo','yahoo;hkex','HKD','HKEx'),('0390.HK','yahoo','yahoo;hkex','HKD','China Railway'),('0405.HK','yahoo','yahoo','HKD','YUEXIU REIT'),('0489.HK','yahoo','yahoo;hkex','HKD','Dongfeng Group'),('0570.HK','yahoo','yahoo;hkex','HKD','TRAD CHI MED'),('0688.HK','yahoo','yahoo;hkex','HKD','China Overseas'),('0700.HK','yahoo','yahoo;hkex','HKD','Tencent'),('0728.HK','yahoo','yahoo;hkex','HKD','China Telecom'),('0753.HK','yahoo','yahoo;hkex','HKD','Air China'),('0762.HK','yahoo','yahoo;hkex','HKD','China Unicom'),('0763.HK','yahoo','yahoo;hkex','HKD','ZTE'),('0823.HK','yahoo','yahoo;hkex','HKD','Link REIT'),('0836.HK','yahoo','yahoo;hkex','HKD','China Res Power'),('0857.HK','yahoo','yahoo;hkex','HKD','PetroChina'),('0883.HK','yahoo','yahoo;hkex','HKD','CNOOC'),('0902.HK','yahoo','yahoo;hkex','HKD','Huaneng Power'),('0914.HK','yahoo','yahoo;hkex','HKD','Conch Cement'),('0939.HK','yahoo','yahoo;hkex','HKD','CCB'),('0941.HK','yahoo','yahoo;hkex','HKD','China Mobile'),('0992.HK','yahoo','yahoo;hkex','HKD','Lenovo Group'),('0998.HK','yahoo','yahoo;hkex','HKD','CITIC Bank'),('1038.HK','yahoo','yahoo;hkex','HKD','CKI Holdings'),('1044.HK','yahoo','yahoo;hkex','HKD','Hengan Int\'l'),('1083.HK','yahoo','yahoo;hkex','HKD','Towngas China'),('1088.HK','yahoo','yahoo;hkex','HKD','China Shenhua'),('1093.HK','yahoo','yahoo;hkex','HKD','CSPC PHARMA '),('1099.HK','yahoo','yahoo;hkex','HKD','Sinopharm'),('1109.HK','yahoo','yahoo;hkex','HKD','China Res Land'),('1113.HK','yahoo','yahoo;hkex','HKD','CK Asset'),('1177.HK','yahoo','yahoo;hkex','HKD','SINO BIOPHARM'),('1186.HK','yahoo','yahoo;hkex','HKD','China Rail Cons'),('1211.HK','yahoo','yahoo;hkex','HKD','BYD Company'),('1288.HK','yahoo','yahoo;hkex','HKD','ABC'),('1299.HK','yahoo','yahoo;hkex','HKD','AIA'),('1336.HK','yahoo','yahoo;hkex','HKD','NCI'),('1339.HK','yahoo','yahoo;hkex','HKD','PICC Group'),('1359.HK','yahoo','yahoo;hkex','HKD','China Cinda'),('1398.HK','yahoo','yahoo;hkex','HKD','ICBC'),('1658.HK','yahoo','yahoo;hkex','HKD','PSBC'),('1686.HK','yahoo','yahoo;hkex','HKD','SunEVision'),('1766.HK','yahoo','yahoo;hkex','HKD','CRRC'),('1776.HK','yahoo','yahoo;hkex','HKD','GF SEC'),('1778.HK','hkex','yahoo;hkex','HKD','COLOUR LIFE'),('1800.HK','yahoo','yahoo;hkex','HKD','CHINA COMM CONS'),('1816.HK','yahoo','yahoo;hkex','HKD','CGN POWER'),('1928.HK','yahoo','yahoo;hkex','HKD','Sands China Ltd'),('1988.HK','yahoo','yahoo;hkex','HKD','MINSENG BANK'),('1997.HK','yahoo','yahoo;hkex','HKD','Wharf REIC'),('2007.HK','yahoo','yahoo;hkex','HKD','Country Garden'),('2018.HK','yahoo','yahoo;hkex','HKD','AAC Tech'),('2202.HK','yahoo','yahoo;hkex','HKD','CHINA VANKE'),('2238.HK','yahoo','yahoo;hkex','HKD','GAC GROUP'),('2269.HK','yahoo','yahoo;hkex','HKD','WUXI BIO'),('2314.HK','hkex','yahoo;hkex','HKD','LEE MAN PAPER'),('2318.HK','yahoo','yahoo;hkex','HKD','Ping An'),('2319.HK','yahoo','yahoo;hkex','HKD','Mengniu Dairy'),('2333.HK','yahoo','yahoo;hkex','HKD','GREATWALL MOTOR'),('2382.HK','yahoo','yahoo;hkex','HKD','Sunny Optical'),('2388.HK','yahoo','yahoo;hkex','HKD','BOC Hong Kong'),('2601.HK','yahoo','yahoo;hkex','HKD','CPIC'),('2628.HK','yahoo','yahoo;hkex','HKD','China Life'),('2800.HK','yahoo','yahoo;hkex','HKD','Tracker Fund'),('2801.HK','yahoo','yahoo;hkex','HKD','ISHARES CHINA'),('2822.HK','hkex','yahoo;hkex','HKD','CSOP A50 ETF'),('2823.HK','hkex','yahoo;hkex','HKD','ISHARES A50 ETF'),('2828.HK','yahoo','yahoo;hkex','HKD','HS H ETF'),('2833.HK','hkex','yahoo;hkex','HKD','HS HSI ETF'),('3070.HK','yahoo','hkex','HKD','PING AN HKDIV'),('3080.HK','yahoo','hkex','HKD','PING AN CGB'),('3188.HK','yahoo','yahoo;hkex','HKD','CAM CSI300'),('3197.HK','yahoo','hkex','HKD','CAM MSCI AINC'),('3319.HK','yahoo','hkex','HKD','A-LIVING '),('3328.HK','yahoo','yahoo;hkex','HKD','Bankcomm'),('3988.HK','yahoo','yahoo;hkex','HKD','Bank of China'),('6098.HK','yahoo','yahoo;hkex','HKD','Country Gdn Svcs'),('8008.HK','yahoo','yahoo;hkex','HKD','Sun eVision'),('CQQQ','yahoo','yahoo','USD','Invesco China Technology ETF'),('DX-Y.NYB','yahoo','yahoo','USD','US Dollar Index Futures Cash'),('HKDCNY=X','yahoo','yahoo','CNY','HKDCNY=X'),('QQQ','yahoo','yahoo','USD','Invesco QQQ Trust'),('USDCNY=X','yahoo','yahoo','CNY','USDCNY=X');
/*!40000 ALTER TABLE `tSymbol` ENABLE KEYS */;
UNLOCK TABLES;

--
-- Dumping data for table `tSymbolMeta`
--

LOCK TABLES `tSymbolMeta` WRITE;
/*!40000 ALTER TABLE `tSymbolMeta` DISABLE KEYS */;
INSERT INTO `tSymbolMeta` VALUES ('^DJI','source','1990-01-01 00:00:00','yahoo','^DJI',NULL,NULL),('^GSPC','source','1990-01-01 00:00:00','yahoo','^GSPC',NULL,NULL),('^HSCE','source','1990-01-01 00:00:00','yahoo','^HSCE',NULL,NULL),('^HSI','source','1990-01-01 00:00:00','yahoo','^HSI',NULL,NULL),('^IXIC','source','1990-01-01 00:00:00','yahoo','^IXIC',NULL,NULL),('000001.SS','source','1990-01-01 00:00:00','yahoo','000001.SS',NULL,NULL),('0001.HK','source','1990-01-01 00:00:00','yahoo','0001.HK','2018-01-01 00:00:00',NULL),('0001.HK','source','2018-01-01 00:00:00','hkex','0001.HK',NULL,NULL),('0002.HK','source','1990-01-01 00:00:00','yahoo','0002.HK','2018-01-01 00:00:00',NULL),('0002.HK','source','2018-01-01 00:00:00','hkex','0002.HK',NULL,NULL),('0003.HK','source','1990-01-01 00:00:00','yahoo','0003.HK','2018-01-01 00:00:00',NULL),('0003.HK','source','2018-01-01 00:00:00','hkex','0003.HK',NULL,NULL),('000300.SS','source','1990-01-01 00:00:00','yahoo','000300.SS',NULL,NULL),('0004.HK','source','1990-01-01 00:00:00','yahoo','0004.HK','2018-01-01 00:00:00',NULL),('0004.HK','source','2018-01-01 00:00:00','hkex','0004.HK',NULL,NULL),('0005.HK','source','1990-01-01 00:00:00','yahoo','0005.HK','2018-01-01 00:00:00',NULL),('0005.HK','source','2018-01-01 00:00:00','hkex','0005.HK',NULL,NULL),('0006.HK','source','1990-01-01 00:00:00','yahoo','0006.HK','2018-01-01 00:00:00',NULL),('0006.HK','source','2018-01-01 00:00:00','hkex','0006.HK',NULL,NULL),('0011.HK','source','1990-01-01 00:00:00','yahoo','0011.HK','2018-01-01 00:00:00',NULL),('0011.HK','source','2018-01-01 00:00:00','hkex','0011.HK',NULL,NULL),('0012.HK','source','1990-01-01 00:00:00','yahoo','0012.HK','2018-01-01 00:00:00',NULL),('0012.HK','source','2018-01-01 00:00:00','hkex','0012.HK',NULL,NULL),('0016.HK','source','1990-01-01 00:00:00','yahoo','0016.HK','2018-01-01 00:00:00',NULL),('0016.HK','source','2018-01-01 00:00:00','hkex','0016.HK',NULL,NULL),('0017.HK','source','1990-01-01 00:00:00','yahoo','0017.HK','2018-01-01 00:00:00',NULL),('0017.HK','source','2018-01-01 00:00:00','hkex','0017.HK',NULL,NULL),('0019.HK','source','1990-01-01 00:00:00','yahoo','0019.HK','2018-01-01 00:00:00',NULL),('0019.HK','source','2018-01-01 00:00:00','hkex','0019.HK',NULL,NULL),('0023.HK','source','1990-01-01 00:00:00','yahoo','0023.HK','2018-01-01 00:00:00',NULL),('0023.HK','source','2018-01-01 00:00:00','hkex','0023.HK',NULL,NULL),('0027.HK','source','1990-01-01 00:00:00','yahoo','0027.HK','2018-01-01 00:00:00',NULL),('0027.HK','source','2018-01-01 00:00:00','hkex','0027.HK',NULL,NULL),('0052.HK','source','1990-01-01 00:00:00','yahoo','0052.HK','2018-01-01 00:00:00',NULL),('0052.HK','source','2018-01-01 00:00:00','hkex','0052.HK',NULL,NULL),('0066.HK','source','1990-01-01 00:00:00','yahoo','0066.HK','2018-01-01 00:00:00',NULL),('0066.HK','source','2018-01-01 00:00:00','hkex','0066.HK',NULL,NULL),('0083.HK','source','1990-01-01 00:00:00','yahoo','0083.HK','2018-01-01 00:00:00',NULL),('0083.HK','source','2018-01-01 00:00:00','hkex','0083.HK',NULL,NULL),('0087.HK','source','1990-01-01 00:00:00','yahoo','0087.HK','2018-01-01 00:00:00',NULL),('0087.HK','source','2018-01-01 00:00:00','hkex','0087.HK',NULL,NULL),('0101.HK','source','1990-01-01 00:00:00','yahoo','0101.HK','2018-01-01 00:00:00',NULL),('0101.HK','source','2018-01-01 00:00:00','hkex','0101.HK',NULL,NULL),('0144.HK','source','1990-01-01 00:00:00','yahoo','0144.HK','2018-01-01 00:00:00',NULL),('0144.HK','source','2018-01-01 00:00:00','hkex','0144.HK',NULL,NULL),('0151.HK','source','1990-01-01 00:00:00','yahoo','0151.HK','2018-01-01 00:00:00',NULL),('0151.HK','source','2018-01-01 00:00:00','hkex','0151.HK',NULL,NULL),('0175.HK','source','1990-01-01 00:00:00','yahoo','0175.HK','2018-01-01 00:00:00',NULL),('0175.HK','source','2018-01-01 00:00:00','hkex','0175.HK',NULL,NULL),('0267.HK','source','1990-01-01 00:00:00','yahoo','0267.HK','2018-01-01 00:00:00',NULL),('0267.HK','source','2018-01-01 00:00:00','hkex','0267.HK',NULL,NULL),('0288.HK','source','1990-01-01 00:00:00','yahoo','0288.HK','2018-01-01 00:00:00',NULL),('0288.HK','source','2018-01-01 00:00:00','hkex','0288.HK',NULL,NULL),('0386.HK','source','1990-01-01 00:00:00','yahoo','0386.HK','2018-01-01 00:00:00',NULL),('0386.HK','source','2018-01-01 00:00:00','hkex','0386.HK',NULL,NULL),('0388.HK','source','1990-01-01 00:00:00','yahoo','0388.HK','2018-01-01 00:00:00',NULL),('0388.HK','source','2018-01-01 00:00:00','hkex','0388.HK',NULL,NULL),('0390.HK','source','1990-01-01 00:00:00','yahoo','0390.HK','2018-01-01 00:00:00',NULL),('0390.HK','source','2018-01-01 00:00:00','hkex','0390.HK',NULL,NULL),('0405.HK','source','1990-01-01 00:00:00','yahoo','0405.HK',NULL,NULL),('0489.HK','source','1990-01-01 00:00:00','yahoo','0489.HK','2018-01-01 00:00:00',NULL),('0489.HK','source','2018-01-01 00:00:00','hkex','0489.HK',NULL,NULL),('0570.HK','source','1990-01-01 00:00:00','yahoo','0570.HK','2018-01-01 00:00:00',NULL),('0570.HK','source','2018-01-01 00:00:00','hkex','0570.HK',NULL,NULL),('0688.HK','source','1990-01-01 00:00:00','yahoo','0688.HK','2018-01-01 00:00:00',NULL),('0688.HK','source','2018-01-01 00:00:00','hkex','0688.HK',NULL,NULL),('0700.HK','source','1990-01-01 00:00:00','yahoo','0700.HK','2018-01-01 00:00:00',NULL),('0700.HK','source','2018-01-01 00:00:00','hkex','0700.HK',NULL,NULL),('0728.HK','source','1990-01-01 00:00:00','yahoo','0728.HK','2018-01-01 00:00:00',NULL),('0728.HK','source','2018-01-01 00:00:00','hkex','0728.HK',NULL,NULL),('0753.HK','source','1990-01-01 00:00:00','yahoo','0753.HK','2018-01-01 00:00:00',NULL),('0753.HK','source','2018-01-01 00:00:00','hkex','0753.HK',NULL,NULL),('0762.HK','source','1990-01-01 00:00:00','yahoo','0762.HK','2018-01-01 00:00:00',NULL),('0762.HK','source','2018-01-01 00:00:00','hkex','0762.HK',NULL,NULL),('0763.HK','source','1990-01-01 00:00:00','yahoo','0763.HK','2018-01-01 00:00:00',NULL),('0763.HK','source','2018-01-01 00:00:00','hkex','0763.HK',NULL,NULL),('0823.HK','source','2004-01-01 00:00:00','yahoo','0823.HK','2018-01-01 00:00:00',NULL),('0823.HK','source','2018-01-01 00:00:00','hkex','0823.HK',NULL,NULL),('0836.HK','source','1990-01-01 00:00:00','yahoo','0836.HK','2018-01-01 00:00:00',NULL),('0836.HK','source','2018-01-01 00:00:00','hkex','0836.HK',NULL,NULL),('0857.HK','source','1990-01-01 00:00:00','yahoo','0857.HK','2018-01-01 00:00:00',NULL),('0857.HK','source','2018-01-01 00:00:00','hkex','0857.HK',NULL,NULL),('0883.HK','source','1990-01-01 00:00:00','yahoo','0883.HK','2018-01-01 00:00:00',NULL),('0883.HK','source','2018-01-01 00:00:00','hkex','0883.HK',NULL,NULL),('0902.HK','source','1990-01-01 00:00:00','yahoo','0902.HK','2018-01-01 00:00:00',NULL),('0902.HK','source','2018-01-01 00:00:00','hkex','0902.HK',NULL,NULL),('0914.HK','source','1990-01-01 00:00:00','yahoo','0914.HK','2018-01-01 00:00:00',NULL),('0914.HK','source','2018-01-01 00:00:00','hkex','0914.HK',NULL,NULL),('0939.HK','source','1990-01-01 00:00:00','yahoo','0939.HK','2018-01-01 00:00:00',NULL),('0939.HK','source','2018-01-01 00:00:00','hkex','0939.HK',NULL,NULL),('0941.HK','source','1990-01-01 00:00:00','yahoo','0941.HK','2018-01-01 00:00:00',NULL),('0941.HK','source','2018-01-01 00:00:00','hkex','0941.HK',NULL,NULL),('0992.HK','source','1990-01-01 00:00:00','yahoo','0992.HK','2018-01-01 00:00:00',NULL),('0992.HK','source','2018-01-01 00:00:00','hkex','0992.HK',NULL,NULL),('0998.HK','source','1990-01-01 00:00:00','yahoo','0998.HK','2018-01-01 00:00:00',NULL),('0998.HK','source','2018-01-01 00:00:00','hkex','0998.HK',NULL,NULL),('1038.HK','source','1990-01-01 00:00:00','yahoo','1038.HK','2018-01-01 00:00:00',NULL),('1038.HK','source','2018-01-01 00:00:00','hkex','1038.HK',NULL,NULL),('1044.HK','source','1990-01-01 00:00:00','yahoo','1044.HK','2018-01-01 00:00:00',NULL),('1044.HK','source','2018-01-01 00:00:00','hkex','1044.HK',NULL,NULL),('1083.HK','source','1990-01-01 00:00:00','yahoo','1083.HK','2018-01-01 00:00:00',NULL),('1083.HK','source','2018-01-01 00:00:00','hkex','1083.HK',NULL,NULL),('1088.HK','source','1990-01-01 00:00:00','yahoo','1088.HK','2018-01-01 00:00:00',NULL),('1088.HK','source','2018-01-01 00:00:00','hkex','1088.HK',NULL,NULL),('1093.HK','source','1990-01-01 00:00:00','yahoo','1093.HK','2018-01-01 00:00:00',NULL),('1093.HK','source','2018-01-01 00:00:00','hkex','1093.HK',NULL,NULL),('1099.HK','source','1990-01-01 00:00:00','yahoo','1099.HK','2018-01-01 00:00:00',NULL),('1099.HK','source','2018-01-01 00:00:00','hkex','1099.HK',NULL,NULL),('1109.HK','source','1990-01-01 00:00:00','yahoo','1109.HK','2018-01-01 00:00:00',NULL),('1109.HK','source','2018-01-01 00:00:00','hkex','1109.HK',NULL,NULL),('1113.HK','source','1990-01-01 00:00:00','yahoo','1113.HK','2018-01-01 00:00:00',NULL),('1113.HK','source','2018-01-01 00:00:00','hkex','1113.HK',NULL,NULL),('1177.HK','source','1990-01-01 00:00:00','yahoo','1177.HK','2018-01-01 00:00:00',NULL),('1177.HK','source','2018-01-01 00:00:00','hkex','1177.HK',NULL,NULL),('1186.HK','source','1990-01-01 00:00:00','yahoo','1186.HK','2018-01-01 00:00:00',NULL),('1186.HK','source','2018-01-01 00:00:00','hkex','1186.HK',NULL,NULL),('1211.HK','source','1990-01-01 00:00:00','yahoo','1211.HK','2018-01-01 00:00:00',NULL),('1211.HK','source','2018-01-01 00:00:00','hkex','1211.HK',NULL,NULL),('1288.HK','source','1990-01-01 00:00:00','yahoo','1288.HK','2018-01-01 00:00:00',NULL),('1288.HK','source','2018-01-01 00:00:00','hkex','1288.HK',NULL,NULL),('1299.HK','source','1990-01-01 00:00:00','yahoo','1299.HK','2018-01-01 00:00:00',NULL),('1299.HK','source','2018-01-01 00:00:00','hkex','1299.HK',NULL,NULL),('1336.HK','source','1990-01-01 00:00:00','yahoo','1336.HK','2018-01-01 00:00:00',NULL),('1336.HK','source','2018-01-01 00:00:00','hkex','1336.HK',NULL,NULL),('1339.HK','source','1990-01-01 00:00:00','yahoo','1339.HK','2018-01-01 00:00:00',NULL),('1339.HK','source','2018-01-01 00:00:00','hkex','1339.HK',NULL,NULL),('1359.HK','source','1990-01-01 00:00:00','yahoo','1359.HK','2018-01-01 00:00:00',NULL),('1359.HK','source','2018-01-01 00:00:00','hkex','1359.HK',NULL,NULL),('1398.HK','source','1990-01-01 00:00:00','yahoo','1398.HK','2018-01-01 00:00:00',NULL),('1398.HK','source','2018-01-01 00:00:00','hkex','1398.HK',NULL,NULL),('1658.HK','source','1990-01-01 00:00:00','yahoo','1658.HK','2018-01-01 00:00:00',NULL),('1658.HK','source','2018-01-01 00:00:00','hkex','1658.HK',NULL,NULL),('1686.HK','source','1990-01-01 00:00:00','yahoo','1686.HK','2018-01-19 00:00:00',NULL),('1686.HK','source','2018-01-22 00:00:00','hkex','1686.HK',NULL,NULL),('1766.HK','source','1990-01-01 00:00:00','yahoo','1766.HK','2018-01-01 00:00:00',NULL),('1766.HK','source','2018-01-01 00:00:00','hkex','1766.HK',NULL,NULL),('1776.HK','source','1990-01-01 00:00:00','yahoo','1776.HK','2018-01-01 00:00:00',NULL),('1776.HK','source','2018-01-01 00:00:00','hkex','1776.HK',NULL,NULL),('1778.HK','source','2017-01-01 00:00:00','hkex','1778.HK',NULL,NULL),('1800.HK','source','1990-01-01 00:00:00','yahoo','1800.HK','2018-01-01 00:00:00',NULL),('1800.HK','source','2018-01-01 00:00:00','hkex','1800.HK',NULL,NULL),('1816.HK','source','1990-01-01 00:00:00','yahoo','1816.HK','2018-01-01 00:00:00',NULL),('1816.HK','source','2018-01-01 00:00:00','hkex','1816.HK',NULL,NULL),('1928.HK','source','1990-01-01 00:00:00','yahoo','1928.HK','2018-01-01 00:00:00',NULL),('1928.HK','source','2018-01-01 00:00:00','hkex','1928.HK',NULL,NULL),('1988.HK','source','1990-01-01 00:00:00','yahoo','1988.HK','2018-01-01 00:00:00',NULL),('1988.HK','source','2018-01-01 00:00:00','hkex','1988.HK',NULL,NULL),('1997.HK','source','1990-01-01 00:00:00','yahoo','1997.HK','2018-01-01 00:00:00',NULL),('1997.HK','source','2018-01-01 00:00:00','hkex','1997.HK',NULL,NULL),('2007.HK','source','1990-01-01 00:00:00','yahoo','2007.HK','2018-01-01 00:00:00',NULL),('2007.HK','source','2018-01-01 00:00:00','hkex','2007.HK',NULL,NULL),('2018.HK','source','1990-01-01 00:00:00','yahoo','2018.HK','2018-01-01 00:00:00',NULL),('2018.HK','source','2018-01-01 00:00:00','hkex','2018.HK',NULL,NULL),('2202.HK','source','1990-01-01 00:00:00','yahoo','2202.HK','2018-01-01 00:00:00',NULL),('2202.HK','source','2018-01-01 00:00:00','hkex','2202.HK',NULL,NULL),('2238.HK','source','1990-01-01 00:00:00','yahoo','2238.HK','2018-01-01 00:00:00',NULL),('2238.HK','source','2018-01-01 00:00:00','hkex','2238.HK',NULL,NULL),('2269.HK','source','1990-01-01 00:00:00','yahoo','2269.HK','2018-01-01 00:00:00',NULL),('2269.HK','source','2018-01-01 00:00:00','hkex','2269.HK',NULL,NULL),('2314.HK','source','1990-01-01 00:00:00','yahoo','2314.HK','2018-01-01 00:00:00',NULL),('2314.HK','source','2018-01-01 00:00:00','hkex','2314.HK',NULL,NULL),('2318.HK','source','1990-01-01 00:00:00','yahoo','2318.HK','2018-01-01 00:00:00',NULL),('2318.HK','source','2018-01-01 00:00:00','hkex','2318.HK',NULL,NULL),('2319.HK','source','1990-01-01 00:00:00','yahoo','2319.HK','2018-01-01 00:00:00',NULL),('2319.HK','source','2018-01-01 00:00:00','hkex','2319.HK',NULL,NULL),('2333.HK','source','1990-01-01 00:00:00','yahoo','2333.HK','2018-01-01 00:00:00',NULL),('2333.HK','source','2018-01-01 00:00:00','hkex','2333.HK',NULL,NULL),('2382.HK','source','1990-01-01 00:00:00','yahoo','2382.HK','2018-01-01 00:00:00',NULL),('2382.HK','source','2018-01-01 00:00:00','hkex','2382.HK',NULL,NULL),('2388.HK','source','1990-01-01 00:00:00','yahoo','2388.HK','2018-01-01 00:00:00',NULL),('2388.HK','source','2018-01-01 00:00:00','hkex','2388.HK',NULL,NULL),('2601.HK','source','1990-01-01 00:00:00','yahoo','2601.HK','2018-01-01 00:00:00',NULL),('2601.HK','source','2018-01-01 00:00:00','hkex','2601.HK',NULL,NULL),('2628.HK','source','1990-01-01 00:00:00','yahoo','2628.HK','2018-01-01 00:00:00',NULL),('2628.HK','source','2018-01-01 00:00:00','hkex','2628.HK',NULL,NULL),('2800.HK','source','1990-01-01 00:00:00','tr','2800.HK','2015-01-01 00:00:00',NULL),('2800.HK','source','2015-01-01 00:00:00','hkex','2800.HK',NULL,NULL),('2801.HK','source','1990-01-01 00:00:00','yahoo','2801.HK','2018-01-01 00:00:00',NULL),('2801.HK','source','2018-01-01 00:00:00','hkex','2801.HK',NULL,NULL),('2822.HK','source','1990-01-01 00:00:00','tr','2822.HK','2015-01-01 00:00:00',NULL),('2822.HK','source','2015-01-01 00:00:00','hkex','2822.HK',NULL,NULL),('2823.HK','source','1990-01-01 00:00:00','tr','2823.HK','2015-01-01 00:00:00',NULL),('2823.HK','source','2015-01-01 00:00:00','hkex','2823.HK',NULL,NULL),('2828.HK','source','1990-01-01 00:00:00','tr','2828.HK','2015-01-01 00:00:00',NULL),('2828.HK','source','2015-01-01 00:00:00','hkex','2828.HK',NULL,NULL),('2833.HK','source','1990-01-01 00:00:00','tr','2833.HK','2015-01-01 00:00:00',NULL),('2833.HK','source','2015-01-01 00:00:00','hkex','2833.HK',NULL,NULL),('3070.HK','source','2014-01-01 00:00:00','hkex','3070.HK',NULL,NULL),('3080.HK','source','2017-12-01 00:00:00','hkex','3080.HK',NULL,NULL),('3188.HK','source','1990-01-01 00:00:00','yahoo','3188.HK','2018-01-01 00:00:00',NULL),('3188.HK','source','2018-01-01 00:00:00','hkex','3188.HK',NULL,NULL),('3197.HK','source','2018-01-01 00:00:00','hkex','3197.HK',NULL,NULL),('3319.HK','source','2018-01-01 00:00:00','hkex','3319.HK',NULL,NULL),('3320.HK','source','1990-01-01 00:00:00','yahoo','3320.HK','2018-01-01 00:00:00',NULL),('3320.HK','source','2018-01-01 00:00:00','hkex','3320.HK',NULL,NULL),('3328.HK','source','1990-01-01 00:00:00','yahoo','3328.HK','2018-01-01 00:00:00',NULL),('3328.HK','source','2018-01-01 00:00:00','hkex','3328.HK',NULL,NULL),('3898.HK','source','1990-01-01 00:00:00','yahoo','3898.HK','2018-01-01 00:00:00',NULL),('3898.HK','source','2018-01-01 00:00:00','hkex','3898.HK',NULL,NULL),('3968.HK','source','1990-01-01 00:00:00','yahoo','3968.HK','2018-01-01 00:00:00',NULL),('3968.HK','source','2018-01-01 00:00:00','hkex','3968.HK',NULL,NULL),('3988.HK','source','1990-01-01 00:00:00','yahoo','3988.HK','2018-01-01 00:00:00',NULL),('3988.HK','source','2018-01-01 00:00:00','hkex','3988.HK',NULL,NULL),('6030.HK','source','1990-01-01 00:00:00','yahoo','6030.HK','2018-01-01 00:00:00',NULL),('6030.HK','source','2018-01-01 00:00:00','hkex','6030.HK',NULL,NULL),('6098.HK','source','2018-01-01 00:00:00','hkex','6098.HK',NULL,NULL),('6837.HK','source','1990-01-01 00:00:00','yahoo','6837.HK','2018-01-01 00:00:00',NULL),('6837.HK','source','2018-01-01 00:00:00','hkex','6837.HK',NULL,NULL),('6881.HK','source','1990-01-01 00:00:00','yahoo','6881.HK','2018-01-01 00:00:00',NULL),('6881.HK','source','2018-01-01 00:00:00','hkex','6881.HK',NULL,NULL),('6886.HK','source','1990-01-01 00:00:00','yahoo','6886.HK','2018-01-01 00:00:00',NULL),('6886.HK','source','2018-01-01 00:00:00','hkex','6886.HK',NULL,NULL),('7200.HK','source','2017-03-14 00:00:00','hkex','7200.HK',NULL,NULL),('7288.HK','source','2017-03-14 00:00:00','hkex','7288.HK',NULL,NULL),('7300.HK','source','2017-03-14 00:00:00','hkex','7300.HK',NULL,NULL),('7388.HK','source','2017-03-14 00:00:00','hkex','7388.HK',NULL,NULL),('CQQQ','source','1990-01-01 00:00:00','yahoo','CQQQ',NULL,NULL),('DX-Y.NYB','source','1990-01-01 00:00:00','yahoo','DX-Y.NYB',NULL,NULL),('HKD=X','source','1990-01-01 00:00:00','yahoo','HKD=X',NULL,NULL),('HKDCNY=X','source','2005-07-21 00:00:00','yahoo','HKDCNY=X',NULL,NULL),('QQQ','source','1990-01-01 00:00:00','yahoo','QQQ',NULL,NULL),('USDCNY=X','source','2005-07-21 00:00:00','yahoo','USDCNY=X',NULL,NULL);
/*!40000 ALTER TABLE `tSymbolMeta` ENABLE KEYS */;
UNLOCK TABLES;

--
-- Dumping data for table `tVendor`
--

LOCK TABLES `tVendor` WRITE;
/*!40000 ALTER TABLE `tVendor` DISABLE KEYS */;
INSERT INTO `tVendor` VALUES ('hkex'),('hkma'),('yahoo');
/*!40000 ALTER TABLE `tVendor` ENABLE KEYS */;
UNLOCK TABLES;
/*!40103 SET TIME_ZONE=@OLD_TIME_ZONE */;

/*!40101 SET SQL_MODE=@OLD_SQL_MODE */;
/*!40014 SET FOREIGN_KEY_CHECKS=@OLD_FOREIGN_KEY_CHECKS */;
/*!40014 SET UNIQUE_CHECKS=@OLD_UNIQUE_CHECKS */;
/*!40101 SET CHARACTER_SET_CLIENT=@OLD_CHARACTER_SET_CLIENT */;
/*!40101 SET CHARACTER_SET_RESULTS=@OLD_CHARACTER_SET_RESULTS */;
/*!40101 SET COLLATION_CONNECTION=@OLD_COLLATION_CONNECTION */;
/*!40111 SET SQL_NOTES=@OLD_SQL_NOTES */;

-- Dump completed on 2018-09-01 21:28:02
